id,name,surname,birthdate
1,John,Gilbert,7/15/1976
2,Patricia,Bowman,1/4/1975
3,Carl,Diaz,4/3/1927
4,Walter,Rice,1/14/1960
5,Melissa,Welch,12/2/1941
6,Kathy,Jones,5/8/1930
7,Helen,Mitchell,11/15/1933
8,Katherine,Nguyen,5/19/1983
9,Chris,Hicks,3/1/1974
10,Christina,Larson,5/3/1999
11,Helen,Elliott,3/31/1972
12,William,Ryan,11/9/1964
13,Sharon,Warren,4/12/1999
14,John,Berry,3/24/1990
15,Jerry,Lawson,9/29/1989
16,Daniel,Richardson,4/8/2007
17,Martin,Payne,2/19/1995
18,Ernest,Boyd,7/23/1945
19,Kathy,Black,10/6/1979
20,Louise,Jackson,7/27/1916
21,Patricia,Hawkins,3/3/2014
22,Alice,Wallace,11/3/1966
23,Alan,Grant,10/2/1925
24,Kathleen,Burns,7/27/2012
25,Frank,Day,2/23/2013
26,Craig,Franklin,8/20/1982
27,Joe,Stone,1/16/1936
28,Kathryn,Ellis,1/23/1995
29,Deborah,Bennett,7/29/1980
30,Ronald,Peterson,2/7/1941
31,Debra,Lane,12/29/2003
32,Jose,Hamilton,11/11/1984
33,Pamela,Ward,2/24/1926
34,Kathryn,Marshall,1/5/1968
35,Charles,Torres,3/14/1980
36,Steve,Gardner,2/11/1960
37,Janice,Carpenter,12/14/2011
38,Amy,Matthews,6/23/1955
39,Michael,Snyder,4/23/1933
40,Jesse,Jenkins,9/28/1988
41,Karen,Bowman,2/28/1984
42,Jesse,Graham,2/21/2000
43,Teresa,Wright,2/17/1924
44,Arthur,Nelson,11/10/1961
45,Joyce,Jenkins,11/12/1922
46,Frances,Woods,1/27/1994
47,Anne,Romero,2/13/1934
48,Susan,Garcia,3/20/1953
49,Jesse,Cunningham,5/1/1946
50,Bonnie,Weaver,3/11/1940
51,Kelly,Perez,10/7/1989
52,Aaron,Kelly,4/5/1991
53,Michael,Turner,5/30/2000
54,Dennis,Mcdonald,12/9/1958
55,Steven,Jones,9/25/2013
56,Annie,Payne,12/13/1945
57,Marie,Snyder,4/13/1930
58,Harry,Young,5/13/1942
59,Roy,Dean,2/3/2002
60,Robert,Tucker,9/1/1978
61,Carlos,Murray,3/23/2008
62,Jane,Simpson,10/22/1983
63,Ernest,Carr,10/18/1989
64,Brenda,Stewart,8/10/2000
65,David,George,11/14/1999
66,Christine,Lane,5/9/2015
67,Heather,Patterson,3/5/1966
68,Peter,Wagner,8/27/1916
69,Robert,Armstrong,7/13/1931
70,Jean,Marshall,2/18/1968
71,Willie,Myers,11/1/2004
72,Kevin,Ruiz,3/7/1927
73,Doris,Fisher,12/25/1932
74,Alice,Matthews,10/23/1939
75,Teresa,Nelson,9/12/1938
76,Laura,Shaw,1/30/1935
77,Matthew,Turner,5/25/1993
78,Katherine,Harper,5/11/1949
79,Mildred,Washington,2/28/1958
80,Amanda,Walker,11/9/1980
81,Janice,Fuller,3/13/1995
82,Karen,Marshall,12/28/1974
83,Lori,Perry,4/25/2010
84,Nicholas,Sullivan,10/9/1982
85,Antonio,Perry,10/9/1946
86,Andrew,Nelson,8/16/1991
87,Ryan,Bennett,4/15/2001
88,Teresa,Greene,1/11/1996
89,Jesse,Howard,8/27/2005
90,Adam,Warren,8/27/1962
91,Antonio,Harvey,8/19/1979
92,Peter,Myers,9/19/1962
93,Robert,Simpson,12/29/1946
94,Ashley,Wells,6/30/1925
95,Diane,Willis,11/14/1942
96,Rachel,Garcia,12/15/1965
97,Terry,Austin,8/11/1924
98,Christopher,Holmes,1/2/1964
99,Jean,Parker,12/10/1988
100,Melissa,Gray,9/22/1989
101,Joshua,Lynch,3/24/1975
102,Daniel,Baker,12/22/1932
103,Nicole,Adams,2/27/2003
104,Donald,Clark,11/8/1945
105,William,Murphy,8/31/1981
106,Mary,Howard,9/18/2008
107,Dennis,Howard,8/7/1990
108,Donald,Morales,7/12/1962
109,Virginia,Murphy,5/6/1959
110,Jacqueline,Carpenter,6/3/1963
111,Anthony,Hawkins,12/8/2012
112,Norma,Hansen,5/31/1962
113,Joyce,Jenkins,4/5/1968
114,Lisa,Bell,9/29/1984
115,Betty,Garcia,10/11/1937
116,Virginia,Jones,7/14/1924
117,Louise,Long,2/17/1964
118,Michelle,Robinson,2/18/1957
119,Maria,Andrews,8/19/1941
120,Diane,Hanson,10/22/1997
121,Cynthia,Stewart,3/26/1951
122,Lois,Morgan,7/17/1938
123,Nicholas,Porter,3/29/1983
124,Andrew,Allen,9/28/1942
125,Jean,Johnston,2/25/1980
126,Julia,Owens,7/14/1936
127,Jennifer,Schmidt,3/30/1993
128,Antonio,Wilson,1/21/1930
129,Cheryl,White,12/7/1947
130,Debra,Howard,4/11/1948
131,Ralph,Harvey,12/23/1956
132,Rebecca,Hudson,7/1/1995
133,Justin,Franklin,10/23/1959
134,Mark,Harvey,2/15/1941
135,Ruby,Martinez,9/7/2008
136,Diane,Montgomery,11/27/1944
137,Lawrence,Mccoy,4/29/1924
138,Ashley,Pierce,5/21/1954
139,Ernest,Bryant,5/4/1972
140,John,Garrett,1/27/1946
141,Patricia,Reyes,6/20/1967
142,Melissa,Wagner,10/1/1941
143,Timothy,Dunn,10/30/1959
144,Amy,Harris,1/23/1944
145,Roger,Tucker,7/31/1985
146,Angela,Lawson,9/9/1940
147,Keith,Ferguson,7/11/1925
148,Joseph,Jones,5/9/1959
149,Sarah,Stanley,9/12/1979
150,Andrea,Jackson,12/21/1935
151,Rachel,Diaz,2/19/1955
152,Janice,Duncan,11/26/1949
153,Laura,Sanders,4/30/1982
154,Andrea,Anderson,4/26/1976
155,Jean,Wells,11/29/2005
156,Arthur,Martin,8/20/1935
157,Raymond,Montgomery,2/9/1958
158,Paul,Snyder,12/31/1936
159,John,Larson,7/21/1918
160,James,Vasquez,1/24/1955
161,Henry,Wallace,7/7/1953
162,Jesse,Gomez,7/13/1941
163,Randy,Dixon,11/6/1930
164,Beverly,Mccoy,11/15/1983
165,Brenda,Robinson,10/3/1999
166,Frances,Allen,3/14/1961
167,Cynthia,Sanders,12/12/1920
168,Carolyn,Carroll,8/2/2001
169,Carl,Carter,5/30/1958
170,Terry,Evans,3/15/2005
171,Kathryn,Stephens,4/25/1955
172,Angela,Rodriguez,6/3/1926
173,Paul,Price,12/14/2014
174,Bobby,Morrison,5/30/1945
175,Ernest,Medina,9/3/1967
176,Bobby,Vasquez,5/6/1988
177,Donald,Meyer,11/29/1919
178,Juan,Lawrence,9/19/1982
179,Samuel,Davis,12/17/2007
180,Doris,Daniels,9/29/1929
181,Linda,Shaw,10/2/2013
182,Todd,Moreno,3/26/1943
183,James,Parker,6/1/1995
184,Mildred,Mason,8/30/1928
185,Andrea,Thompson,9/12/1977
186,Henry,Hicks,3/26/1942
187,Ashley,Rogers,9/13/1954
188,Robert,Armstrong,7/27/2001
189,Randy,Reyes,4/26/1934
190,Bonnie,Snyder,12/5/1954
191,George,Lopez,8/16/1924
192,Chris,Stewart,6/30/1963
193,Harry,Mccoy,4/28/1921
194,Jessica,Garcia,9/30/1938
195,Brandon,Ruiz,7/24/1976
196,Juan,Hernandez,4/2/1973
197,Julie,Rice,10/2/1927
198,Steve,Thompson,7/17/1968
199,Frank,Burton,11/21/1995
200,Lawrence,Romero,11/13/1933
201,Brandon,Cook,3/27/1978
202,Jane,Flores,1/22/1999
203,Steve,Crawford,11/23/1991
204,Bruce,Garza,12/7/1937
205,Norma,Palmer,5/6/1995
206,Shawn,Robertson,8/20/1990
207,Michael,Dunn,1/4/1947
208,Judith,Webb,4/7/2014
209,Lori,Frazier,2/28/1923
210,Ashley,Gonzales,11/17/1946
211,Patricia,Black,1/30/1993
212,Christine,Daniels,9/7/1959
213,Kathleen,Torres,8/28/1989
214,Thomas,James,1/14/1922
215,Barbara,Woods,3/12/1967
216,Janice,Wood,3/5/1976
217,Donna,Foster,1/9/1929
218,Robin,Willis,6/2/1979
219,Amanda,Cox,5/27/2005
220,Betty,Walker,8/15/1997
221,Barbara,Lane,6/20/1971
222,Judy,Dean,6/9/1997
223,Peter,Williamson,11/5/1946
224,David,Vasquez,9/8/1921
225,Kathy,Russell,11/18/1928
226,Catherine,Bradley,7/8/1920
227,Joe,Medina,1/24/2009
228,Clarence,Gonzalez,1/23/1950
229,Steven,Adams,12/21/1953
230,Deborah,Russell,9/8/1991
231,Angela,Fowler,7/23/1972
232,Jonathan,Bowman,7/8/1926
233,Cynthia,Harris,5/26/1954
234,Edward,Black,12/1/1917
235,Kathryn,Jackson,8/17/1923
236,Stephen,Fuller,8/23/1973
237,Benjamin,Evans,12/19/1977
238,Helen,Washington,9/27/2010
239,Carl,Garrett,12/18/1965
240,Jean,Kelly,3/31/1918
241,Julia,Hunter,1/7/2007
242,Rachel,West,6/21/2000
243,Chris,Hawkins,5/24/1982
244,Sarah,Gonzales,5/6/1924
245,Walter,Wallace,6/3/1998
246,Chris,Little,3/18/1937
247,Mary,Bell,6/3/1960
248,Kathleen,Jenkins,6/9/1917
249,Tammy,Long,12/10/1927
250,Kenneth,Simpson,5/28/1999
251,Henry,Marshall,4/29/1919
252,Paul,Castillo,6/24/1960
253,Laura,Clark,2/15/1968
254,Steve,Clark,6/6/1922
255,Samuel,Harrison,7/8/1972
256,Shirley,Shaw,1/17/1965
257,Anna,Mccoy,4/23/1930
258,Theresa,James,11/23/1948
259,Bobby,Reid,3/31/1987
260,Anna,Reynolds,9/16/1969
261,Juan,Kelly,10/7/1935
262,Joseph,Lawrence,1/2/1990
263,Lois,Walker,6/1/1988
264,Andrew,Gutierrez,10/24/1976
265,Russell,Wright,9/9/1925
266,Ernest,Morgan,1/26/2015
267,Martha,Walker,11/14/1997
268,Stephen,Ferguson,4/1/1980
269,Mildred,Bowman,10/26/2009
270,Sara,Davis,1/17/1964
271,Benjamin,Stewart,10/31/2008
272,Beverly,Harris,6/18/1970
273,Evelyn,Campbell,3/21/1990
274,Jason,Gibson,10/20/1967
275,Joshua,Payne,12/27/2004
276,Jeremy,Rogers,11/14/1958
277,Roger,Wright,2/15/2013
278,Barbara,Hall,2/25/1973
279,Judith,Cox,11/10/1999
280,Maria,Banks,3/16/1989
281,David,Thompson,1/24/2010
282,Joshua,Burke,12/27/1933
283,Ernest,Gibson,8/14/1916
284,Kathleen,Stephens,4/16/1928
285,Cynthia,Hall,1/5/1921
286,Melissa,Phillips,5/12/2009
287,Ronald,Johnston,10/11/2010
288,George,Simmons,7/6/2008
289,Patricia,Day,8/12/1991
290,Randy,Shaw,10/7/1930
291,Rebecca,Washington,1/31/2000
292,Amanda,Burke,1/2/1994
293,Antonio,Bryant,5/23/2011
294,Jennifer,Matthews,10/24/2009
295,Maria,Woods,6/4/1968
296,Cheryl,Andrews,10/29/1933
297,Janice,Nguyen,8/11/1931
298,Shirley,King,10/22/1921
299,Linda,Rose,9/11/1969
300,Dorothy,Morales,3/22/1929
301,Roger,Cox,4/25/1942
302,Mark,Simmons,10/8/1999
303,Annie,Nichols,1/4/1948
304,Linda,Gilbert,5/3/1916
305,Brian,Lynch,9/29/1998
306,Cynthia,Williamson,7/17/1982
307,Arthur,Lawson,6/4/1956
308,Roy,Moreno,1/30/1993
309,Steven,Porter,1/27/1916
310,Walter,Carpenter,12/8/1995
311,Marilyn,Myers,2/8/2001
312,Roger,Kelley,7/21/1951
313,Donald,Wilson,5/4/1941
314,Clarence,Fisher,4/8/2004
315,Patrick,Sanchez,1/29/2014
316,Michelle,Cox,4/26/1964
317,Joe,Barnes,9/29/1943
318,Sean,Wood,2/16/1948
319,Donald,Marshall,12/13/1989
320,Jesse,Frazier,6/27/1967
321,Aaron,Jordan,3/30/1918
322,Brenda,Richardson,5/11/1951
323,Harold,Gonzalez,2/7/1952
324,Matthew,Hernandez,2/5/1938
325,Jack,Taylor,8/21/1921
326,Antonio,Woods,3/5/1949
327,Gerald,Fowler,8/28/1943
328,Todd,Morris,4/11/2016
329,Alice,Fowler,12/2/1967
330,Scott,Webb,4/5/1928
331,Heather,Chapman,9/11/1968
332,Nancy,Matthews,1/30/1988
333,Larry,Stewart,4/28/1959
334,Justin,Porter,3/24/1958
335,Ashley,Dixon,2/20/2003
336,Maria,Coleman,6/3/2016
337,Laura,Hansen,10/8/1968
338,Lois,Arnold,3/13/1978
339,Angela,Spencer,6/3/1992
340,Patrick,Brown,8/8/2016
341,Paula,Garcia,10/30/1918
342,Jennifer,Clark,1/23/1917
343,Juan,Mendoza,4/9/1943
344,Dorothy,Black,1/24/1978
345,Sean,Marshall,12/18/1983
346,Kevin,Dixon,8/21/1938
347,Anna,Turner,7/23/1944
348,Kenneth,Kennedy,2/25/1934
349,David,Tucker,3/26/1920
350,Donald,Patterson,2/6/2016
351,Billy,Snyder,7/21/1974
352,Paula,Fuller,2/7/1978
353,Jimmy,Tucker,9/8/1918
354,Cheryl,Harper,5/27/1973
355,Christina,Bailey,9/15/1998
356,Paula,Martin,7/1/2014
357,Rebecca,Watkins,8/21/1971
358,Christine,Anderson,8/23/2015
359,Mildred,Watson,1/28/1970
360,Daniel,Price,12/29/1924
361,Arthur,Crawford,6/3/1943
362,Martin,Hansen,9/9/1967
363,Harold,Castillo,4/7/1975
364,Larry,Stanley,3/2/2015
365,Margaret,Fuller,11/7/1991
366,Juan,Bell,3/29/1945
367,Norma,Alexander,2/19/1973
368,Evelyn,Armstrong,12/2/1922
369,Melissa,Clark,11/17/1916
370,Keith,Walker,10/25/1975
371,Rose,Duncan,6/17/1936
372,Craig,Owens,9/12/1971
373,Gloria,Cooper,5/19/1917
374,Norma,Hamilton,2/4/1969
375,Phillip,Peters,9/25/1952
376,Donald,Ford,2/27/1965
377,Lois,Roberts,10/10/1967
378,Victor,Griffin,4/3/1984
379,Charles,Carter,9/17/1968
380,Emily,Fields,2/21/1921
381,Bobby,Rivera,7/31/1980
382,Jose,Vasquez,5/5/2009
383,Mildred,Burke,6/10/1924
384,Fred,Powell,11/18/1958
385,Ashley,Torres,8/3/1998
386,Teresa,George,12/1/2000
387,Paula,Watkins,5/1/1965
388,Steven,Bradley,6/16/2014
389,Cheryl,Hanson,5/26/1963
390,Timothy,Frazier,8/9/1917
391,Melissa,Anderson,11/24/1983
392,Richard,Wagner,7/5/1923
393,Teresa,Franklin,11/5/2004
394,Sara,Carpenter,7/14/1984
395,Jonathan,Reed,9/5/1934
396,Justin,Price,6/1/1988
397,Douglas,Franklin,9/26/1929
398,Annie,Watkins,12/14/1972
399,Denise,Garrett,9/4/1979
400,Juan,Hanson,9/9/1944
401,Eugene,Warren,11/15/1966
402,Frances,Ryan,8/10/1975
403,Phyllis,Ray,5/19/1996
404,Alan,Gordon,5/2/1916
405,Margaret,Nichols,1/13/1934
406,Phyllis,Gonzales,10/10/1962
407,Scott,Porter,1/18/1965
408,Jerry,Thompson,4/9/2003
409,Victor,Hanson,9/24/1983
410,Anthony,Richardson,10/16/1942
411,Rebecca,Rodriguez,5/10/1956
412,Jesse,Martinez,4/16/1921
413,Walter,Jordan,3/16/1953
414,Patricia,Harvey,9/3/1995
415,Steven,Harper,7/18/1965
416,Louise,Ross,7/9/1929
417,Gerald,Robertson,11/2/1953
418,Lisa,Jenkins,12/22/1978
419,Larry,Lawrence,5/2/1963
420,Lori,West,8/27/2000
421,Denise,Robertson,7/8/2009
422,Ronald,Mendoza,12/26/1984
423,Brandon,Olson,11/4/2013
424,Sara,Romero,8/28/1932
425,Anthony,West,4/16/1972
426,Carol,Coleman,4/6/1939
427,George,Watson,12/17/1967
428,Frank,Richards,9/22/2014
429,Victor,Howard,11/30/1992
430,Lois,Romero,6/28/2010
431,Brenda,Garza,3/24/1944
432,Anna,Collins,7/30/2008
433,Deborah,Bishop,3/9/1971
434,Robin,Stewart,10/26/1947
435,Wanda,Jones,5/24/1964
436,Melissa,Rice,12/20/1982
437,Cheryl,Perez,10/19/1950
438,Linda,Reed,12/15/1933
439,Michelle,Myers,7/6/1966
440,Henry,Gomez,3/13/1964
441,Alan,Shaw,11/24/1962
442,Ann,Jones,5/20/1953
443,Anna,Black,3/4/1960
444,Sarah,Mcdonald,12/9/2009
445,Doris,Alexander,2/5/1938
446,Victor,Porter,10/7/1944
447,Philip,Watkins,10/6/1924
448,Aaron,Russell,11/19/1921
449,Debra,Smith,10/30/1979
450,Margaret,Reyes,7/28/1917
451,Jonathan,Kim,1/20/1940
452,Mark,Russell,10/12/1986
453,Evelyn,Frazier,2/15/1998
454,Teresa,Kim,3/11/1989
455,Thomas,Reyes,12/4/2012
456,Ashley,Johnston,8/23/1996
457,Phyllis,Harvey,4/24/1919
458,Stephanie,Sanders,5/31/1974
459,Carlos,Robinson,2/8/2001
460,Anna,Andrews,10/4/1936
461,Juan,Moreno,12/29/1920
462,Raymond,Barnes,3/4/1951
463,Paula,Burns,11/2/1967
464,Jonathan,Webb,2/28/1981
465,Howard,Lynch,11/4/1967
466,Billy,Hansen,6/19/1995
467,Andrea,Carr,5/16/2000
468,Amanda,Nelson,7/18/1975
469,Lillian,Lopez,10/21/2007
470,Kimberly,Bennett,8/21/1983
471,Gloria,Peterson,1/14/2009
472,Fred,Perkins,8/6/1949
473,Sharon,Lawson,1/23/1952
474,Rachel,Rose,1/6/1936
475,Patrick,Thomas,2/18/1925
476,Fred,Morris,5/12/1956
477,Ashley,Cox,9/7/1980
478,Chris,Peters,12/16/1974
479,Rose,West,12/10/1957
480,Jeremy,Hawkins,3/21/1933
481,Gerald,Watson,12/13/1933
482,Donald,Bishop,6/6/1927
483,Frank,Welch,11/19/1925
484,Fred,Rice,10/21/1932
485,Tina,Ray,11/24/2013
486,Juan,Harrison,8/2/2006
487,Margaret,Hill,12/5/1962
488,Fred,Coleman,2/5/1931
489,Chris,Palmer,1/12/1967
490,Jason,Bishop,1/30/1943
491,Marilyn,Simpson,5/9/1979
492,Melissa,Alvarez,7/2/1917
493,Rebecca,Hernandez,8/31/1998
494,Charles,Bowman,11/1/1952
495,Jack,Burke,9/9/1947
496,Alan,Ruiz,12/4/1986
497,Stephanie,Alvarez,9/16/1951
498,Robin,Martinez,7/28/1944
499,Albert,Peters,12/19/2004
500,Janet,Perez,3/4/1962
501,Kimberly,Freeman,1/3/1940
502,Joseph,Flores,3/17/1917
503,Keith,Sims,8/21/1973
504,Cheryl,Nguyen,5/10/2008
505,Sean,Patterson,2/17/1934
506,Carolyn,Ramirez,12/9/1998
507,Christine,Morgan,7/22/1953
508,Lawrence,Warren,4/1/1955
509,Ruby,Baker,12/9/1953
510,William,Reid,10/9/1944
511,Sara,Hunt,12/22/1990
512,Gerald,Lewis,4/4/1922
513,Emily,Fisher,11/8/2000
514,Ronald,Reid,5/25/1984
515,Catherine,Willis,8/15/1941
516,Sharon,Roberts,1/18/1919
517,Daniel,Olson,1/19/2003
518,Joshua,Long,2/6/1990
519,Charles,Miller,12/21/1942
520,Kenneth,Lee,2/11/1966
521,Joseph,Fox,5/13/1965
522,Donald,Reyes,5/23/2009
523,Phyllis,Grant,6/26/1952
524,Albert,Long,4/16/2000
525,Carol,Weaver,3/10/1961
526,Larry,Morrison,11/13/1985
527,Frances,Hall,8/26/1918
528,Melissa,Jacobs,3/31/1964
529,Matthew,Gonzales,2/17/1986
530,Marilyn,Torres,7/4/2005
531,Michelle,Lopez,1/18/1953
532,Virginia,Bishop,5/20/2013
533,Kelly,Ramirez,9/5/1963
534,Bobby,Alvarez,12/3/1988
535,Lisa,Reed,1/1/1968
536,Jesse,Gordon,4/19/1991
537,Barbara,Stevens,3/28/1982
538,Elizabeth,Matthews,1/15/1955
539,Jeremy,Morales,1/10/1946
540,Steven,Williams,10/8/1948
541,David,Bradley,10/6/1958
542,Heather,Garcia,12/21/1980
543,Albert,Berry,10/23/1990
544,Kathleen,Dean,7/11/1989
545,Martha,Cole,8/5/2004
546,Wanda,Hicks,10/6/1959
547,Alan,Ramirez,3/26/1953
548,Diana,Frazier,7/19/1927
549,Brenda,Tucker,3/13/1988
550,Jacqueline,Stewart,4/27/1923
551,William,Long,9/8/2008
552,John,Bowman,8/8/2005
553,Eugene,Sims,3/2/1949
554,Jeffrey,Bell,7/20/1938
555,Jeffrey,Ferguson,1/1/1947
556,Paul,Morris,1/6/1925
557,Ryan,Bowman,1/24/1919
558,John,Marshall,12/12/1956
559,Emily,Walker,11/11/1987
560,Alan,Burton,2/10/1932
561,Doris,Wagner,1/5/1988
562,Anthony,Bennett,2/20/1954
563,Jane,Miller,11/29/1990
564,Sara,Oliver,4/3/2011
565,Gloria,Rodriguez,5/25/1998
566,Joan,Nelson,7/15/1981
567,Wayne,Young,1/1/2006
568,Lillian,Perkins,12/12/1984
569,Mark,Fowler,3/21/1991
570,Larry,Carpenter,1/18/2002
571,Donald,Peterson,6/18/1973
572,Betty,Harvey,11/28/1962
573,Carolyn,Alvarez,6/22/1940
574,Louis,Thomas,7/17/1985
575,Carol,Holmes,10/3/2011
576,Sarah,Fernandez,12/14/1967
577,Louis,Chavez,2/4/1927
578,Todd,Gardner,4/10/1928
579,Daniel,Hudson,4/24/1928
580,Dorothy,Gray,2/21/1945
581,Kelly,Ryan,6/16/2006
582,Victor,Long,5/15/2010
583,Martha,Larson,7/15/1936
584,Louis,Reid,10/29/1927
585,Margaret,Henry,5/13/2012
586,David,Chavez,2/2/1951
587,Steven,Harrison,6/22/2013
588,Jason,Robinson,7/23/1925
589,Ashley,Ross,3/8/1985
590,Gary,Morales,7/22/1938
591,Randy,Bowman,4/8/1925
592,Howard,Lee,3/17/2016
593,Raymond,Cunningham,7/27/1924
594,Thomas,Morgan,6/22/1953
595,Gerald,Myers,1/6/1945
596,Benjamin,Moore,6/21/1992
597,Anthony,Parker,4/6/1996
598,Kimberly,West,1/31/2002
599,David,Murphy,1/6/1992
600,Jessica,Perez,7/11/1964
601,Alice,Stevens,12/12/1993
602,Rachel,Kelley,5/22/1934
603,Katherine,Brooks,10/3/1958
604,Judith,Burns,12/9/1919
605,Timothy,Baker,3/24/2015
606,Rebecca,Reynolds,1/7/1960
607,Raymond,Williamson,6/16/1941
608,Robert,Ellis,11/30/1930
609,Evelyn,Peterson,1/31/2012
610,Joe,Wagner,3/3/1972
611,Jack,Porter,3/18/1953
612,Wanda,Howard,3/12/1965
613,Edward,Foster,2/23/1930
614,Gloria,Payne,7/13/2013
615,Theresa,Payne,11/19/1993
616,Earl,Ramos,5/6/1947
617,Richard,Nguyen,8/29/1958
618,Cynthia,Welch,6/10/1959
619,Debra,Ryan,2/6/1994
620,Lillian,Johnson,9/28/1984
621,Linda,Reyes,6/11/1980
622,Denise,Garrett,12/5/2002
623,Denise,Little,2/17/1947
624,Jacqueline,Butler,8/19/2004
625,Amanda,Alvarez,8/26/1997
626,Jason,Ferguson,7/12/1924
627,Steve,Fernandez,12/16/2000
628,William,Graham,8/20/1974
629,Steve,Thompson,2/28/1948
630,Diane,Chavez,3/30/1974
631,Marie,Diaz,2/1/1964
632,Lois,Reyes,8/26/2003
633,Jose,Ramirez,9/23/1948
634,Shawn,Reid,7/31/1976
635,Fred,Edwards,3/9/1921
636,Rachel,Murphy,7/18/1921
637,Joe,Gomez,6/9/1946
638,Andrea,Turner,11/17/1969
639,James,Rose,1/7/1974
640,Carl,Russell,1/11/1966
641,Gary,Green,12/4/1964
642,Martha,Carter,11/24/1932
643,Michelle,Freeman,12/11/1924
644,Wayne,Coleman,4/24/1958
645,Kathleen,Jacobs,4/17/1960
646,Judy,Fuller,6/25/2014
647,Alice,Kelly,5/7/2001
648,Amy,Howard,4/26/1962
649,Jeremy,Grant,11/1/2005
650,Walter,Rice,5/9/1919
651,Edward,Kelly,6/27/1973
652,John,Bennett,5/22/1995
653,Barbara,Warren,12/1/1974
654,Henry,James,9/17/1979
655,Bobby,Wilson,2/15/1971
656,Teresa,Nguyen,5/24/1957
657,Philip,Hayes,9/8/1925
658,Juan,Castillo,2/16/1934
659,Debra,Garrett,6/5/1967
660,Donald,Sanchez,10/5/1945
661,Sarah,Coleman,7/28/1917
662,Terry,Olson,3/8/1943
663,Willie,Coleman,1/24/1933
664,Joe,Bell,3/28/2006
665,Nicholas,Anderson,11/4/1970
666,Sarah,Rice,10/8/1919
667,Jason,Fuller,11/30/2003
668,Mary,Clark,9/16/1965
669,Jimmy,Rodriguez,8/1/1955
670,Mildred,Mills,10/5/1987
671,Norma,Edwards,10/19/1960
672,Alan,Washington,3/25/1919
673,Paula,Patterson,5/25/2008
674,Brenda,Wood,1/17/1924
675,Steven,Kelley,9/1/1953
676,Virginia,Dean,2/21/1932
677,Sarah,Chapman,3/13/1944
678,Brian,Ryan,6/20/2007
679,Emily,Washington,5/11/1994
680,Kenneth,Stephens,11/16/1931
681,Helen,Garcia,6/1/1979
682,Timothy,Jacobs,4/3/1931
683,Joshua,Weaver,1/2/1928
684,Patricia,Mendoza,10/31/1926
685,Rachel,Mills,9/19/1943
686,Donna,Hudson,3/27/1971
687,Kathy,Mendoza,7/5/1976
688,Jimmy,Arnold,10/22/1918
689,Harry,Spencer,1/29/1921
690,Ruby,Ramos,7/15/2008
691,Adam,Ferguson,9/11/1922
692,Jean,Thomas,9/26/2009
693,Nicholas,Lewis,9/20/2012
694,Beverly,Peterson,11/3/1994
695,Beverly,Hill,1/18/1985
696,Doris,Wells,10/19/1962
697,Victor,Thomas,1/15/1972
698,Jason,Boyd,6/7/1989
699,Adam,Long,10/9/2003
700,Ruth,Walker,5/11/1926
701,Jimmy,Green,4/9/1949
702,Angela,Simpson,8/29/1974
703,Edward,West,2/9/1916
704,Sarah,Chapman,7/6/1944
705,Gerald,Snyder,12/29/1991
706,Dennis,Morrison,6/24/2010
707,Amanda,Hansen,8/14/1917
708,Annie,Knight,8/25/1966
709,Keith,Austin,10/7/1962
710,Joan,Russell,8/7/1943
711,Beverly,Porter,11/15/2002
712,Julie,Olson,6/13/2004
713,Frank,Jackson,12/17/1926
714,Christina,Larson,9/21/1973
715,Heather,Harper,3/8/1982
716,Bobby,Watkins,4/27/2014
717,Harold,Elliott,9/10/1937
718,Patrick,Reid,11/6/1917
719,Catherine,George,5/5/2000
720,Betty,Shaw,3/1/1963
721,Sean,Griffin,5/30/1954
722,Virginia,Evans,10/14/1991
723,James,Dunn,11/29/1971
724,Gary,Vasquez,2/1/1964
725,Joe,Medina,12/26/1916
726,Bruce,Howell,11/11/1968
727,Aaron,Perez,6/16/1969
728,Andrea,Welch,3/31/2006
729,Diana,Murray,4/9/1984
730,John,Robertson,3/25/1957
731,Barbara,Edwards,12/25/1951
732,Daniel,Jackson,7/27/1968
733,Margaret,Ferguson,1/14/1933
734,Wanda,Thomas,4/28/1933
735,Michael,Diaz,7/26/1973
736,Aaron,Harrison,6/17/1973
737,Wayne,Ruiz,8/14/1935
738,Harry,Black,10/1/1919
739,Annie,Moreno,8/20/1958
740,Katherine,Woods,3/3/1924
741,Jesse,Young,7/22/1930
742,Kenneth,Sanders,7/13/1926
743,Michelle,Reynolds,4/17/1923
744,Eugene,Johnson,7/3/1931
745,Sandra,Ramirez,10/18/1954
746,Kevin,Meyer,1/4/1976
747,Edward,Weaver,8/1/1957
748,Lori,Hill,5/25/1947
749,Lori,Arnold,6/3/1979
750,Harry,Ramos,8/8/1983
751,Evelyn,Hicks,11/26/1927
752,William,Lopez,3/8/1979
753,Ryan,Cook,5/12/1923
754,Brenda,Mendoza,12/2/1927
755,Kathryn,Hudson,3/13/1940
756,Karen,Owens,4/1/1971
757,Arthur,Richards,3/28/1970
758,Ronald,King,7/13/1972
759,Catherine,Burton,6/18/1950
760,Sandra,Boyd,4/17/1926
761,Donald,Turner,8/3/1923
762,Sarah,Parker,11/17/1996
763,Kimberly,Miller,6/24/1993
764,Juan,Thompson,12/20/1981
765,Donald,Lynch,6/11/1984
766,Shirley,Shaw,2/23/2003
767,Jason,Hart,5/16/1922
768,Linda,Stephens,11/18/1990
769,Wanda,Griffin,5/17/1978
770,Denise,Harvey,7/22/1967
771,Kathryn,Gomez,7/14/2000
772,Ernest,Wells,1/4/1963
773,Willie,Hansen,7/17/1996
774,Theresa,Shaw,3/3/1973
775,Anne,George,4/24/2012
776,Denise,Vasquez,2/4/1997
777,Evelyn,Mccoy,1/12/1932
778,Phillip,Fowler,8/8/1982
779,Irene,Roberts,3/22/2012
780,Janice,Lee,8/10/2016
781,Lori,Russell,2/8/1974
782,Jeremy,Peters,8/5/1981
783,Denise,Moreno,3/18/1954
784,Christine,Howell,5/26/1941
785,Kenneth,Martin,4/5/2014
786,Christopher,Crawford,10/12/2010
787,William,Roberts,8/12/1978
788,Cynthia,Myers,4/6/1992
789,Judith,Rogers,2/17/2014
790,Roy,Peters,4/6/2004
791,Willie,Fields,3/22/1990
792,Eric,Torres,6/14/1987
793,Eric,Brooks,2/6/2010
794,Judy,Jenkins,8/19/1953
795,Julia,Tucker,2/19/1997
796,Janet,Hudson,9/20/1924
797,Janet,Fields,8/2/1931
798,Evelyn,Nichols,8/17/1951
799,Maria,Hall,6/22/1958
800,Frank,Flores,9/8/1949
801,Jessica,Murray,9/13/1995
802,Andrea,Palmer,10/5/1919
803,Jonathan,Harper,6/18/1998
804,Russell,Hunter,12/5/2002
805,Theresa,Jones,7/3/1941
806,Heather,Hicks,7/27/1935
807,Brian,Crawford,12/3/1983
808,Alan,Hernandez,4/10/1972
809,Marie,Ford,1/18/1992
810,Jean,Johnston,8/25/1999
811,Catherine,Shaw,1/29/2012
812,Christopher,Medina,10/25/2003
813,Susan,Parker,3/23/2009
814,Chris,Ray,12/3/1944
815,Gregory,Daniels,4/2/1987
816,Teresa,Robertson,12/23/1999
817,Ruth,Lopez,4/17/1983
818,Rachel,Hughes,4/23/1936
819,Frances,Garza,7/24/1946
820,Margaret,Ferguson,5/16/1969
821,Patricia,Howard,8/6/2005
822,Tina,Stephens,3/21/1950
823,Bonnie,Oliver,3/11/1920
824,Virginia,Hall,3/11/1998
825,Patrick,Stanley,5/12/2008
826,Joseph,Lawson,8/3/1930
827,Joan,Moore,9/6/1969
828,Christina,Foster,4/17/1928
829,Joshua,Sanders,2/22/1967
830,Rose,Cunningham,1/22/2011
831,Sharon,Bishop,6/5/1937
832,Frances,Stone,11/7/1949
833,Kathryn,Willis,5/2/1966
834,Donald,Thomas,9/12/1976
835,Tina,Fuller,12/17/1995
836,Julia,Garza,12/4/1966
837,Carol,Warren,4/27/1999
838,Bonnie,Daniels,2/4/1958
839,Lawrence,Frazier,1/5/1952
840,Billy,Castillo,2/15/1947
841,Peter,Richards,6/10/2004
842,Lois,Peters,3/30/1967
843,Phyllis,Williams,2/2/2005
844,Roy,Weaver,11/25/1965
845,Samuel,Chapman,7/7/1994
846,George,Black,4/4/1939
847,Lois,Washington,2/1/1964
848,Roger,Murray,7/30/1941
849,Patricia,Robinson,4/4/1985
850,Joyce,King,5/29/1966
851,Sarah,Nguyen,7/5/1962
852,Roger,Stevens,12/23/1989
853,Lillian,Marshall,2/24/1970
854,Harry,Anderson,3/20/1979
855,Angela,Bryant,11/5/1993
856,Kathryn,Walker,6/5/1938
857,Justin,Boyd,6/4/1916
858,Jason,Morris,5/20/1933
859,Patricia,Kim,3/15/1979
860,Shirley,Chavez,7/17/1965
861,Mark,Williams,2/11/1985
862,Tammy,Pierce,10/2/1992
863,Ryan,George,6/7/2011
864,Judith,Bailey,4/9/2013
865,Lisa,Hayes,6/25/1935
866,Patricia,Dean,10/26/1923
867,Irene,Hawkins,5/12/1989
868,Kenneth,Foster,8/16/1942
869,Jessica,Nichols,6/5/1962
870,Jennifer,Mendoza,7/13/1988
871,Justin,Dixon,9/10/1919
872,Louis,Banks,2/4/1922
873,Charles,Carpenter,7/4/1979
874,Shawn,Lawrence,4/4/1952
875,Antonio,Rogers,1/28/2016
876,Arthur,Reed,1/14/2007
877,Laura,Stone,6/7/1966
878,Mildred,Murphy,2/22/1954
879,Kathy,Ross,6/22/2011
880,Russell,Turner,5/22/1938
881,Wayne,Reyes,1/21/1999
882,Jonathan,Gardner,12/15/1964
883,Lillian,Richardson,9/9/1978
884,Amy,Gomez,10/16/1958
885,Julia,Roberts,3/7/1941
886,Randy,Flores,12/7/1927
887,Angela,Wood,1/6/1964
888,Louise,Bell,6/29/1960
889,Alice,Henry,4/2/2004
890,Gerald,Wright,6/23/1950
891,Norma,Carter,12/8/2001
892,Denise,Boyd,12/9/1970
893,Earl,Riley,5/6/1963
894,Craig,Pierce,7/31/1973
895,Matthew,Ramirez,12/9/1992
896,Aaron,Medina,11/3/1991
897,Betty,Rogers,10/4/1942
898,Dorothy,Nguyen,2/9/2014
899,Arthur,Hughes,3/17/1988
900,Margaret,Hughes,4/18/2010
901,Robert,Mitchell,5/29/1948
902,Rose,Lewis,9/28/1962
903,Julie,Payne,11/2/1947
904,Paula,Wilson,1/3/1935
905,Heather,Ross,6/17/1916
906,Christine,Hicks,2/21/1990
907,Gloria,Wright,7/20/1922
908,Janice,Reyes,4/3/1964
909,Marilyn,Ramos,11/18/2000
910,Joan,Allen,1/24/2003
911,Martha,Nguyen,6/30/1935
912,Sarah,Gomez,7/16/2001
913,Kelly,Reyes,5/29/1925
914,Gloria,Diaz,11/28/1992
915,Brenda,Hernandez,10/14/1931
916,Craig,Mcdonald,9/4/1957
917,Robert,Lewis,9/25/1926
918,Dennis,Parker,8/7/2012
919,Gloria,Green,11/5/1917
920,Andrew,Boyd,10/15/1931
921,Ruth,Campbell,1/29/1994
922,Sara,Peters,8/25/1937
923,Steve,Harris,1/1/1920
924,Bruce,Robertson,5/30/1994
925,Marie,Frazier,9/21/1980
926,Ashley,Garcia,10/24/1929
927,Marie,Cook,8/4/1922
928,Craig,Vasquez,2/5/1927
929,Richard,Weaver,1/24/1923
930,Eric,Fields,2/15/1977
931,Diane,Hernandez,5/23/1984
932,Louise,Richards,3/22/1924
933,Terry,Alexander,12/14/1998
934,Norma,Romero,11/19/2012
935,Paula,Montgomery,10/25/1919
936,Samuel,Reyes,11/14/1988
937,Amanda,Alvarez,10/7/1923
938,Virginia,Reid,2/19/1917
939,Harry,Medina,10/13/2011
940,Christina,Carroll,1/12/1971
941,Amanda,Oliver,7/9/2000
942,Stephanie,Patterson,6/11/1951
943,Jane,Turner,8/24/1978
944,Jean,Reid,9/23/1945
945,Kenneth,Hicks,5/23/2008
946,Heather,Long,8/9/2008
947,Rachel,Crawford,4/29/1984
948,Michelle,Payne,3/19/1962
949,Helen,Ray,11/8/1939
950,Deborah,Turner,6/16/1956
951,Kevin,Graham,5/21/1997
952,Angela,Cole,2/24/1955
953,Tammy,Tucker,12/14/1948
954,Howard,Webb,11/4/1993
955,Sarah,Rivera,2/19/1941
956,Dorothy,Long,10/11/1939
957,Patrick,Harrison,2/16/1954
958,Christine,Harper,5/13/1956
959,Ryan,Cruz,6/17/1950
960,Jonathan,Brown,5/18/1950
961,Steve,Gibson,7/23/1919
962,Chris,Shaw,6/24/1947
963,Alan,Hunter,10/24/1918
964,Theresa,Snyder,3/2/1995
965,Harry,Hansen,8/2/1956
966,Tina,Perry,3/17/1924
967,Emily,Ramos,10/1/1917
968,Virginia,Lynch,5/9/1927
969,James,Gordon,12/15/1962
970,Russell,White,10/4/1920
971,Timothy,Harvey,4/12/1942
972,Paula,Rice,4/6/2004
973,Mary,Willis,10/22/1939
974,Lisa,Perez,11/5/1988
975,Amy,Taylor,9/15/1929
976,Katherine,Alvarez,10/9/1997
977,Eugene,Torres,6/17/1960
978,Sara,Rodriguez,1/6/1981
979,Nicholas,Nguyen,1/18/1959
980,Nicholas,Parker,3/2/1933
981,Frank,Day,11/8/1939
982,Mary,Mendoza,4/27/2000
983,Carolyn,Wells,8/25/1955
984,Jeffrey,White,4/2/1918
985,Jonathan,Evans,4/9/2012
986,Ralph,Coleman,11/23/1996
987,William,Rose,6/25/1950
988,Angela,Hall,4/18/1947
989,James,Wheeler,7/27/1928
990,Clarence,Morris,5/6/1941
991,Paul,Wood,12/22/1971
992,Donna,Reed,1/15/1927
993,Linda,Warren,2/13/1947
994,Teresa,Stevens,10/4/1936
995,Paula,Cook,12/16/1925
996,Nancy,Davis,5/11/1968
997,Susan,Hicks,3/30/2011
998,Christopher,Warren,3/5/1939
999,Bruce,Cooper,3/26/2009
1000,Margaret,Hanson,11/26/1937
